{"cameraMode":{"drawMode":0,"name":"Shaded","section":"Shading Mode"},"sceneLighting":true,"audioPlay":false,"sceneViewState":{"showFog":true,"showMaterialUpdate":false,"showSkybox":true,"showFlares":true,"showImageEffects":true,"showParticleSystems":true},"in2DMode":false,"pivot":{"x":3.889991283416748,"y":-0.12792396545410157,"z":6.521842002868652},"rotation":{"x":-0.08595003932714462,"y":-0.14621931314468385,"z":0.012752989307045937,"w":-0.9854360818862915},"size":16.852222442626954,"orthographic":false}