{"cameraMode":{"drawMode":0,"name":"Shaded","section":"Shading Mode"},"sceneLighting":true,"audioPlay":false,"sceneViewState":{"showFog":true,"showMaterialUpdate":false,"showSkybox":true,"showFlares":true,"showImageEffects":true,"showParticleSystems":true},"in2DMode":false,"pivot":{"x":-2.416189432144165,"y":-10.473145484924317,"z":0.27289342880249026},"rotation":{"x":-0.5689285397529602,"y":-0.1007748618721962,"z":0.07051214575767517,"w":-0.8131465911865234},"size":40.12831115722656,"orthographic":false}