{"cameraMode":{"drawMode":0,"name":"Shaded","section":"Shading Mode"},"sceneLighting":true,"audioPlay":false,"sceneViewState":{"showFog":true,"showMaterialUpdate":false,"showSkybox":true,"showFlares":true,"showImageEffects":true,"showParticleSystems":true},"in2DMode":false,"pivot":{"x":3.1632821559906008,"y":7.123488426208496,"z":-14.229948997497559},"rotation":{"x":0.2553439438343048,"y":0.027545440942049028,"z":-0.007277115248143673,"w":0.9664355516433716},"size":1.219512939453125,"orthographic":false}