{"cameraMode":{"drawMode":0,"name":"Shaded","section":"Shading Mode"},"sceneLighting":true,"audioPlay":false,"sceneViewState":{"showFog":true,"showMaterialUpdate":false,"showSkybox":true,"showFlares":true,"showImageEffects":true,"showParticleSystems":true},"in2DMode":false,"pivot":{"x":-0.7814626693725586,"y":-1.5056800842285157,"z":-0.014403820037841797},"rotation":{"x":-0.3214719593524933,"y":0.4513000249862671,"z":-0.17842774093151093,"w":-0.8131142854690552},"size":17.60896873474121,"orthographic":false}